Model,Move rules (options),Condition,Games,Success rate,Success rate low,Success rate high,Progress,Progress low,Progress high
Solver,compass (4),map only,100,1,1.0,1.0,1.0,1.0,1.0
Solver,two-moves (16),map only,100,1,1.0,1.0,1.0,1.0,1.0
Solver,up-to-two-moves (20),map only,100,1,1.0,1.0,1.0,1.0,1.0
Solver,three-moves (64),map only,100,1,1.0,1.0,1.0,1.0,1.0
Solver,up-to-three-moves (84),map only,100,1,1.0,1.0,1.0,1.0,1.0
Greedy (walls),compass (4),map only,100,0.37,0.28,0.46,0.4746666666666667,0.39275000000000004,0.5568333333333333
Greedy,compass (4),map only,100,0.28,0.2,0.37,0.3561666666666667,0.27657916666666665,0.4392541666666666
Random,compass (4),map only,100,0.04,0.01,0.08,0.24908333333333332,0.2012458333333333,0.29758541666666666
Random,two-moves (16),map only,100,0.02,0.0,0.05,0.2679166666666667,0.22191666666666662,0.3160020833333333
Random,up-to-two-moves (20),map only,100,0.07,0.02,0.12,0.26975,0.21883125,0.3245833333333333
Random,three-moves (64),map only,100,0.06,0.02,0.11,0.2995833333333333,0.24749791666666668,0.3548354166666666
Random,up-to-three-moves (84),map only,100,0.04,0.01,0.08,0.2709166666666667,0.21925,0.32416875
Jev,compass (4),map only,100,0.32,0.23,0.41,0.4250833333333333,0.34541250000000007,0.5065020833333334
Jev,compass (4),full context,100,0.57,0.47,0.66,0.6825833333333333,0.6055812500000001,0.7554999999999998
Jev,two-moves (16),map only,100,0.4,0.3,0.49,0.49775,0.41307916666666666,0.5818333333333333
Jev,two-moves (16),full context,100,0.63,0.53,0.72,0.7036666666666667,0.62375,0.77925
Jev,up-to-two-moves (20),map only,100,0.39,0.3,0.49,0.49141666666666667,0.4084166666666667,0.5746666666666667
Jev,up-to-two-moves (20),full context,100,0.57,0.47,0.67,0.6605833333333333,0.5784125,0.7382499999999999
Jev,three-moves (64),map only,100,0.47,0.37,0.57,0.5565833333333333,0.4721666666666667,0.6417520833333334
Jev,three-moves (64),full context,100,0.63,0.54,0.72,0.72175,0.6465000000000002,0.7928354166666666
Jev,up-to-three-moves (84),map only,100,0.26,0.18,0.35,0.42,0.34375,0.4980833333333334
Jev,up-to-three-moves (84),full context,100,0.49,0.39,0.5802499999999963,0.6344166666666666,0.55658125,0.70825
Laya,compass (4),map only,100,0.02,0.0,0.05,0.10483333333333333,0.06816666666666668,0.14500000000000002
Laya,compass (4),full context,100,0.12,0.06,0.19,0.2635,0.20141666666666666,0.32758541666666663
Laya,two-moves (16),map only,100,0.04,0.01,0.08,0.25466666666666665,0.2053333333333334,0.30675
Laya,two-moves (16),full context,100,0.07,0.02,0.12,0.20091666666666666,0.15099791666666668,0.2570854166666666
Laya,up-to-two-moves (20),map only,100,0.04,0.01,0.08,0.22691666666666666,0.17658333333333334,0.28016874999999997
Laya,up-to-two-moves (20),full context,100,0.09,0.04,0.15,0.19875,0.1435833333333333,0.2615854166666666
Laya,three-moves (64),map only,100,0.07,0.02,0.12,0.268,0.21583333333333332,0.32475208333333333
Laya,three-moves (64),full context,100,0.13,0.07,0.2,0.28858333333333336,0.22283333333333336,0.35700208333333333
Laya,up-to-three-moves (84),map only,100,0.03,0.0,0.07,0.12866666666666665,0.09133333333333332,0.1708333333333333
Laya,up-to-three-moves (84),full context,100,0.05,0.01,0.1,0.2075,0.15725,0.25966666666666666
GLiClass,compass (4),map only,100,0.03,0.0,0.07,0.10425,0.06716458333333332,0.14675000000000002
GLiClass,compass (4),full context,100,0.13,0.07,0.2,0.21583333333333332,0.14982916666666668,0.2862520833333333
GLiClass,two-moves (16),map only,100,0.04,0.01,0.08,0.185,0.13849999999999998,0.2375
GLiClass,two-moves (16),full context,100,0.06,0.02,0.11,0.15116666666666667,0.10199791666666666,0.20641874999999998
GLiClass,up-to-two-moves (20),map only,100,0.01,0.0,0.03,0.09041666666666666,0.06091458333333333,0.12366666666666667
GLiClass,up-to-two-moves (20),full context,100,0.03,0.0,0.07,0.10191666666666667,0.064,0.14425000000000002
GLiClass,three-moves (64),map only,100,0.03,0.0,0.07,0.12383333333333332,0.08441666666666667,0.16925
GLiClass,three-moves (64),full context,100,0.06,0.02,0.11,0.20908333333333334,0.15941458333333333,0.2620020833333333
GLiClass,up-to-three-moves (84),map only,100,0.02,0.0,0.05,0.07958333333333333,0.04883333333333334,0.11583333333333334
GLiClass,up-to-three-moves (84),full context,100,0.04,0.01,0.08,0.12908333333333333,0.08674791666666666,0.17625208333333328
Gemma 4 26B,compass (4),map only,100,0.35,0.26,0.44,0.45225,0.37133125,0.5348354166666667
Gemma 4 26B,compass (4),full context,100,0.61,0.51,0.7,0.7140833333333333,0.6379145833333334,0.7866666666666666
Gemma 4 26B,two-moves (16),map only,100,0.44,0.34,0.54,0.5596666666666666,0.4779166666666667,0.6415833333333333
Gemma 4 26B,two-moves (16),full context,100,0.68,0.59,0.77,0.758,0.6851645833333332,0.8265020833333333
Gemma 4 26B,up-to-two-moves (20),map only,100,0.43,0.33,0.53,0.51975,0.43541458333333327,0.6047520833333334
Gemma 4 26B,up-to-two-moves (20),full context,100,0.63,0.53,0.72,0.72575,0.6519979166666667,0.7965895833333333
Gemma 4 26B,three-moves (64),map only,100,0.33,0.24,0.42,0.5225833333333333,0.44800000000000006,0.5979166666666667
Gemma 4 26B,three-moves (64),full context,100,0.69,0.6,0.78,0.7810833333333334,0.7109145833333336,0.8469166666666667
Gemma 4 26B,up-to-three-moves (84),map only,100,0.32,0.23,0.41,0.5225833333333333,0.4440833333333334,0.5998416666666665
Gemma 4 26B,up-to-three-moves (84),full context,100,0.61,0.51,0.7,0.71375,0.6379104166666667,0.7848333333333334
Qwen3.5-4B,compass (4),map only,100,0.14,0.08,0.21,0.3353333333333333,0.2698291666666667,0.40375
Qwen3.5-4B,compass (4),full context,100,0.45,0.35,0.55,0.6606666666666666,0.5919145833333334,0.7286687500000001
Qwen3.5-4B,two-moves (16),map only,100,0.03,0.0,0.07,0.27825,0.23083333333333333,0.3288333333333333
Qwen3.5-4B,two-moves (16),full context,100,0.7,0.61,0.79,0.80975,0.7441645833333332,0.8701666666666665
Qwen3.5-4B,up-to-two-moves (20),map only,100,0.11,0.05,0.17,0.3155833333333333,0.2584145833333333,0.3757520833333334
Qwen3.5-4B,up-to-two-moves (20),full context,100,0.61,0.51,0.7,0.7544166666666666,0.6849145833333334,0.8193333333333334
Qwen3.5-4B,three-moves (64),map only,100,0.1,0.05,0.16,0.3665,0.30799583333333336,0.42608333333333337
Qwen3.5-4B,three-moves (64),full context,100,0.71,0.62,0.8,0.8051666666666667,0.7391666666666667,0.8666708333333333
Qwen3.5-4B,up-to-three-moves (84),map only,100,0.09,0.04,0.15,0.35233333333333333,0.2936666666666667,0.41275
Qwen3.5-4B,up-to-three-moves (84),full context,100,0.58,0.48,0.68,0.7264166666666667,0.6542500000000001,0.7951708333333334
DeepSeek V4.1 Flash,compass (4),map only,100,0.39,0.3,0.49,0.5453333333333333,0.46741666666666676,0.62241875
DeepSeek V4.1 Flash,compass (4),full context,100,0.6,0.5,0.69,0.71525,0.6409979166666666,0.7862520833333333
DeepSeek V4.1 Flash (reasoning),compass (4),map only,100,0.67,0.57,0.76,0.7866666666666666,0.7201666666666666,0.8475020833333334
DeepSeek V4.1 Flash (reasoning),compass (4),full context,100,0.8,0.72,0.87,0.864,0.8053333333333333,0.9168333333333334
