Model,Component,Direction,Won rate change,Won rate change low,Won rate change high,Progress change,Progress change low,Progress change high,McNemar p,Holm p
Jev,local state description,added to map only,0.13,0.07,0.2,0.14358333333333334,0.09225000000000001,0.19983541666666663,0.000244140625,0.00146484375
Jev,local state description,removed from full context,-0.05,-0.11,0.01,-0.018083333333333333,-0.05583333333333333,0.021166666666666667,0.1796875,0.71875
Jev,interaction history,added to map only,0.14,0.07,0.21,0.15483333333333332,0.10516458333333333,0.20758333333333334,0.0001220703125,0.0008544921875
Jev,interaction history,removed from full context,0.04,-0.02,0.1,0.05641666666666667,0.014499999999999999,0.10200208333333331,0.34375,1.0
Jev,simulated action outcomes,added to map only,0.16,0.09,0.23024999999999637,0.185,0.13191666666666665,0.24049999999999996,3.0517578125e-05,0.000244140625
Jev,simulated action outcomes,removed from full context,-0.01,-0.07,0.05,0.001333333333333333,-0.04433541666666667,0.049666666666666665,1.0,1.0
Jev,explicit subgoal,added to map only,0.05,0.01,0.1,0.03158333333333333,0.0010833333333333294,0.06908333333333333,0.0625,0.3125
Jev,explicit subgoal,removed from full context,-0.03,-0.09,0.03,-0.042583333333333334,-0.08616666666666667,-0.00033333333333333316,0.5078125,1.0
Laya,local state description,added to map only,0.05,0.01,0.1,0.10383333333333333,0.055166666666666676,0.15641666666666665,0.0625,0.3125
Laya,local state description,removed from full context,0.07,0.02,0.12,0.11541666666666667,0.06166458333333333,0.17275,0.015625,0.109375
Laya,interaction history,added to map only,0.0,0.0,0.0,-0.02358333333333333,-0.04699999999999999,4.1666666666104315e-06,1.0,1.0
Laya,interaction history,removed from full context,-0.04,-0.09,0.0,0.022833333333333334,-0.027418750000000002,0.06991666666666667,0.21875,0.875
Laya,simulated action outcomes,added to map only,0.09,0.04,0.15,0.08366666666666667,0.03491458333333333,0.13699999999999998,0.00390625,0.03125
Laya,simulated action outcomes,removed from full context,0.07,0.02,0.12,0.085,0.03491666666666667,0.1391708333333333,0.015625,0.109375
Laya,explicit subgoal,added to map only,0.0,0.0,0.0,-0.013500000000000002,-0.03508333333333333,0.0066666666666666645,1.0,1.0
Laya,explicit subgoal,removed from full context,-0.04,-0.1,0.01,-0.022999999999999996,-0.06908333333333333,0.02091874999999997,0.2890625,0.875
GLiClass,local state description,added to map only,0.09,0.04,0.15,0.10508333333333333,0.05141458333333334,0.16583541666666665,0.00390625,0.03125
GLiClass,local state description,removed from full context,0.05,0.01,0.1,0.08141666666666666,0.04016666666666666,0.129,0.0625,0.3125
GLiClass,interaction history,added to map only,0.0,-0.03,0.03,0.04416666666666667,0.011997916666666669,0.08116666666666666,1.0,1.0
GLiClass,interaction history,removed from full context,-0.07,-0.13,-0.02,-0.08766666666666667,-0.13141666666666668,-0.04841666666666667,0.0390625,0.234375
GLiClass,simulated action outcomes,added to map only,0.09,0.04,0.15,0.11916666666666667,0.06083333333333333,0.18333749999999993,0.00390625,0.03125
GLiClass,simulated action outcomes,removed from full context,0.01,-0.05,0.07,-0.04558333333333334,-0.11625,0.024999999999999988,1.0,1.0
GLiClass,explicit subgoal,added to map only,-0.01,-0.03,0.0,0.0475,0.01191666666666667,0.08583541666666665,1.0,1.0
GLiClass,explicit subgoal,removed from full context,0.01,-0.02,0.05,0.009333333333333332,-0.022000000000000002,0.04516666666666666,1.0,1.0
Gemma 4 26B,local state description,added to map only,0.16,0.08,0.24,0.17625,0.10958124999999999,0.24508749999999993,0.0004024505615234375,0.0028171539306640625
Gemma 4 26B,local state description,removed from full context,0.0,-0.05,0.05,0.013083333333333336,-0.029920833333333324,0.05916666666666667,1.0,1.0
Gemma 4 26B,interaction history,added to map only,0.13,0.05,0.22,0.12375,0.05549791666666667,0.19333541666666662,0.007197380065917969,0.0380859375
Gemma 4 26B,interaction history,removed from full context,0.07,0.01,0.14,0.04858333333333333,0.001083333333333335,0.1,0.0654296875,0.26171875
Gemma 4 26B,simulated action outcomes,added to map only,0.21,0.11,0.31,0.21841666666666668,0.1354979166666667,0.3,0.00010371580719947815,0.0008297264575958252
Gemma 4 26B,simulated action outcomes,removed from full context,0.1,0.04,0.17,0.08566666666666667,0.0441625,0.13216666666666665,0.00634765625,0.0380859375
Gemma 4 26B,explicit subgoal,added to map only,0.04,-0.03,0.11,0.027,-0.029916666666666668,0.08541874999999996,0.4239501953125,1.0
Gemma 4 26B,explicit subgoal,removed from full context,0.03,-0.03,0.09,-0.0005000000000000004,-0.03941666666666666,0.04041666666666666,0.5078125,1.0
Qwen3.5 4B,local state description,added to map only,0.05,-0.02,0.13,0.13083333333333333,0.05891458333333333,0.20458749999999998,0.3017578125,1.0
Qwen3.5 4B,local state description,removed from full context,0.0,-0.08,0.08,0.021,-0.02916666666666666,0.07083333333333332,1.0,1.0
Qwen3.5 4B,interaction history,added to map only,0.0,-0.06,0.06,0.04708333333333334,-0.010670833333333313,0.10567083333333331,1.0,1.0
Qwen3.5 4B,interaction history,removed from full context,0.1,0.01,0.19,0.07458333333333333,0.011083333333333343,0.13841666666666666,0.06391465663909912,0.3834879398345947
Qwen3.5 4B,simulated action outcomes,added to map only,0.22,0.13,0.31,0.217,0.14733125,0.28808333333333336,2.9802322387695312e-06,2.384185791015625e-05
Qwen3.5 4B,simulated action outcomes,removed from full context,0.11,0.02,0.21,0.09675,0.028995833333333332,0.1655,0.043285250663757324,0.30299675464630127
Qwen3.5 4B,explicit subgoal,added to map only,-0.03,-0.1,0.03,-0.07125,-0.13374999999999998,-0.009081250000000022,0.548828125,1.0
Qwen3.5 4B,explicit subgoal,removed from full context,-0.07,-0.17,0.03,-0.02883333333333333,-0.10433541666666667,0.04725208333333331,0.2295229434967041,1.0
DeepSeek V4.1 Flash,local state description,added to map only,0.18,0.11,0.26,0.16391666666666665,0.10833333333333334,0.22533749999999997,7.62939453125e-06,6.103515625e-05
DeepSeek V4.1 Flash,local state description,removed from full context,0.02,-0.05,0.09,-0.005666666666666669,-0.05175,0.04158333333333333,0.7744140625,1.0
DeepSeek V4.1 Flash,interaction history,added to map only,0.07,-0.01,0.15,0.08516666666666667,0.016245833333333338,0.15533541666666661,0.143463134765625,0.717315673828125
DeepSeek V4.1 Flash,interaction history,removed from full context,0.03,-0.03,0.09,0.02375,-0.014500000000000002,0.06408333333333334,0.5078125,1.0
DeepSeek V4.1 Flash,simulated action outcomes,added to map only,0.1,0.02,0.19,0.12625,0.05999791666666666,0.1928333333333333,0.04138946533203125,0.28972625732421875
DeepSeek V4.1 Flash,simulated action outcomes,removed from full context,0.07,0.0,0.15,0.07566666666666666,0.018166666666666668,0.13699999999999998,0.11846923828125,0.7108154296875
DeepSeek V4.1 Flash,explicit subgoal,added to map only,0.01,-0.05,0.08,-0.01233333333333333,-0.06616875,0.04166666666666667,1.0,1.0
DeepSeek V4.1 Flash,explicit subgoal,removed from full context,-0.04,-0.11,0.03,-0.06608333333333333,-0.1255,-0.009750000000000002,0.3876953125,1.0
DeepSeek V4.1 Flash (reasoning),local state description,added to map only,0.0707070707070707,0.0,0.1414141414141414,0.04562289562289562,-0.002946127946127947,0.09856902356902357,0.09228515625,0.64599609375
DeepSeek V4.1 Flash (reasoning),local state description,removed from full context,0.061224489795918366,-0.01020408163265306,0.1326530612244898,0.026020408163265306,-0.01581632653061224,0.06769132653061218,0.14599609375,0.72998046875
DeepSeek V4.1 Flash (reasoning),interaction history,added to map only,0.04040404040404041,-0.030303030303030304,0.1111111111111111,0.023063973063973068,-0.026938131313131306,0.07483585858585853,0.4239501953125,1.0
DeepSeek V4.1 Flash (reasoning),interaction history,removed from full context,0.04081632653061224,-0.01020408163265306,0.10204081632653061,0.022619047619047615,-0.010714285714285718,0.05714285714285713,0.2890625,1.0
DeepSeek V4.1 Flash (reasoning),simulated action outcomes,added to map only,0.09183673469387756,0.030612244897959183,0.16326530612244897,0.0516156462585034,0.012752976190476188,0.09353741496598639,0.01171875,0.09375
DeepSeek V4.1 Flash (reasoning),simulated action outcomes,removed from full context,0.04081632653061224,-0.030612244897959183,0.11224489795918367,0.017857142857142853,-0.02602040816326531,0.0596938775510204,0.3876953125,1.0
DeepSeek V4.1 Flash (reasoning),explicit subgoal,added to map only,0.0707070707070707,0.0,0.1414141414141414,0.04031986531986532,-0.009598063973063968,0.09166877104377101,0.09228515625,0.64599609375
DeepSeek V4.1 Flash (reasoning),explicit subgoal,removed from full context,0.030612244897959183,-0.030612244897959183,0.10204081632653061,0.012414965986394556,-0.03078231292517007,0.055701530612244844,0.548828125,1.0
