Model,Input,Answers,Optimal rate,Optimal rate low,Optimal rate high,start,on-route,off-route,after-blocked,late,In-game optimal share,"In-game, pooled over moves",Mean p(chosen),ECE
Solver,map only,495,1,1.0,1.0,1,1,1,1,1,1,1,,
Greedy (walls),map only,495,0.886,0.852,0.9179999999999999,0.82,0.8526315789473684,0.8680555555555556,0.9431818181818182,0.9852941176470589,0.6991666666666667,0.5679330328396651,,
Greedy,map only,495,0.7255,0.6780000000000002,0.7719999999999999,0.63,0.7368421052631579,0.6458333333333334,0.8636363636363636,0.8235294117647058,0.31958333333333333,0.11271133375078271,,
Random,map only,495,0.3,0.254,0.3465,0.35,0.21052631578947367,0.3194444444444444,0.3181818181818182,0.27941176470588236,0.30104166666666665,0.2913946587537092,,
Jev,map only,495,0.7375,0.6894999999999999,0.7839999999999998,0.73,0.7263157894736842,0.6597222222222222,0.8181818181818182,0.8088235294117647,0.3835297619047619,0.1599488163787588,0.7736363636363637,0.06272727272727255
Jev,full context,495,0.9,0.866,0.9319999999999999,0.86,0.8842105263157894,0.8680555555555556,0.9545454545454546,0.9705882352941176,0.7891973684210526,0.6424028268551236,0.8943636363636364,0.05909090909091051
Laya,map only,495,0.27,0.22,0.32,0.19,0.25263157894736843,0.2847222222222222,0.29545454545454547,0.35294117647058826,0.146,0.14768683274021352,0.32136767676767675,0.050660606060605996
Laya,full context,495,0.47750000000000004,0.42600000000000016,0.53,0.28,0.45263157894736844,0.5138888888888888,0.6477272727272727,0.5,0.32225,0.2573309395571514,0.30117353535353536,0.1755941414141415
GLiClass,map only,495,0.296,0.248,0.344,0.23,0.30526315789473685,0.3194444444444444,0.29545454545454547,0.3382352941176471,0.0775,0.05938242280285035,0.3411536349164673,0.0515197305426448
GLiClass,full context,495,0.5065000000000001,0.45549999999999996,0.556,0.43,0.47368421052631576,0.7013888888888888,0.36363636363636365,0.4264705882352941,0.28329166666666666,0.16996996996996996,0.5277960529622561,0.04717526952088899
Gemma 4 26B,map only,495,0.6945,0.645,0.742,0.64,0.7157894736842105,0.6527777777777778,0.7954545454545454,0.6911764705882353,0.4015096153846154,0.1910828025477707,,
Gemma 4 26B,full context,495,0.896,0.8659999999999998,0.9259999999999999,0.88,0.8736842105263158,0.8541666666666666,0.9431818181818182,0.9705882352941176,0.7895853174603175,0.6247349823321555,,
Qwen3.5-4B,map only,495,0.45,0.3975,0.5049999999999999,0.5,0.43157894736842106,0.4513888888888889,0.4659090909090909,0.39705882352941174,0.3622916666666667,0.27486437613019893,0.42074633989714544,0.035550756723647665
Qwen3.5-4B,full context,495,0.746,0.7059999999999998,0.7859999999999998,0.8,0.6526315789473685,0.7083333333333334,0.8181818181818182,0.7647058823529411,0.7035111416361416,0.5963060686015831,0.670198558217405,0.07441249011532756
DeepSeek V4.1 Flash,map only,495,0.6725,0.6234999999999999,0.7204999999999999,0.69,0.7157894736842105,0.5972222222222222,0.7386363636363636,0.6470588235294118,0.47050487012987013,0.2763915547024952,,
DeepSeek V4.1 Flash,full context,495,0.864,0.826,0.8999999999999999,0.85,0.8210526315789474,0.8055555555555556,0.9545454545454546,0.9411764705882353,0.755858904983905,0.5938803894297635,,
DeepSeek V4.1 Flash (reasoning),map only,495,0.882,0.8419999999999999,0.9199999999999998,0.87,0.8315789473684211,0.8888888888888888,0.9090909090909091,0.9117647058823529,0.7901418278013547,0.6243542435424354,,
DeepSeek V4.1 Flash (reasoning),full context,495,0.936,0.912,0.958,0.89,0.9368421052631579,0.9097222222222222,0.9772727272727273,1,0.8741430145243533,0.7396257119609438,,
