Model,Input,Games,Won rate,Won rate low,Won rate high,Progress,Progress low,Progress high,Final-state progress,SPL,Blocked moves
Solver,map only,100,1,1.0,1.0,1.0,1.0,1.0,1.0,1.0,0.0
Greedy (walls),map only,100,0.37,0.28,0.46,0.4746666666666667,0.39275000000000004,0.5568333333333333,0.42666666666666664,0.37,0.0
Greedy,map only,100,0.28,0.2,0.37,0.3561666666666667,0.27657916666666665,0.4392541666666666,0.32566666666666666,0.28,0.8710081402629931
Random,map only,100,0.04,0.01,0.08,0.24908333333333332,0.2012458333333333,0.29758541666666666,0.037000000000000005,0.0325,0.42967359050445103
Jev,map only,100,0.32,0.23,0.41,0.4250833333333333,0.34541250000000007,0.5065020833333334,0.40925,0.31857142857142856,0.8234165067178503
Jev,full context,100,0.57,0.47,0.66,0.6825833333333333,0.6055812500000001,0.7554999999999998,0.6495,0.5408114035087719,0.004240282685512367
Laya,map only,100,0.02,0.0,0.05,0.10483333333333333,0.06816666666666668,0.14500000000000002,-0.0635,0.02,0.6963226571767497
Laya,full context,100,0.12,0.06,0.19,0.2635,0.20141666666666666,0.32758541666666663,0.15216666666666667,0.105,0.5278276481149012
GLiClass,map only,100,0.03,0.0,0.07,0.10425,0.06716458333333332,0.14675000000000002,-0.12491666666666666,0.03,0.8515439429928741
GLiClass,full context,100,0.13,0.07,0.2,0.21583333333333332,0.14982916666666668,0.2862520833333333,0.17025,0.13,0.6924924924924925
Gemma 4 26B,map only,100,0.35,0.26,0.44,0.45225,0.37133125,0.5348354166666667,0.41391666666666665,0.3218846153846154,0.7624203821656051
Gemma 4 26B,full context,100,0.61,0.51,0.7,0.7140833333333333,0.6379145833333334,0.7866666666666666,0.6705,0.5684206349206349,0.0431095406360424
Qwen3.5 4B,map only,100,0.14,0.08,0.21,0.3353333333333333,0.2698291666666667,0.40375,0.20341666666666666,0.12391666666666666,0.5159734779987944
Qwen3.5 4B,full context,100,0.45,0.35,0.55,0.6606666666666666,0.5919145833333334,0.7286687500000001,0.5600833333333334,0.3869145299145299,0.056068601583113456
DeepSeek V4.1 Flash,map only,100,0.39,0.3,0.49,0.5453333333333333,0.46741666666666676,0.62241875,0.4811666666666667,0.3472012987012987,0.6250799744081894
DeepSeek V4.1 Flash,full context,100,0.6,0.5,0.69,0.71525,0.6409979166666666,0.7862520833333333,0.6644166666666667,0.5415909368409368,0.09805285118219749
DeepSeek V4.1 Flash (reasoning),map only,90,0.7222222222222222,0.6222222222222222,0.8111111111111111,0.8240740740740741,0.76,0.8838888888888887,0.792037037037037,0.6691998052782366,0.12016293279022404
DeepSeek V4.1 Flash (reasoning),full context,89,0.8651685393258427,0.7865168539325843,0.9325842696629213,0.9056179775280899,0.8498080524344568,0.9535580524344569,0.8830524344569288,0.8055177472890626,0.014251781472684086
